order,post_id,post_url,list_title,product_name,product_code,folder_name,html_file,text_file,image_count_found,image_count_saved,parse_status,download_status,overall_status,error_message,discovered_at,collected_at,processed_at
1,113800568,https://pf.kakao.com/_XIexbj/113800568,어드밴쳐 긴챙 등산모,어드밴쳐 긴챙 등산모,6B524,,raw-data/113800568/page.html,,10,0,pending,pending,html_saved,,2026-08-09T16:21:06.9817479+09:00,2026-08-09T07:41:53.334Z,
2,113800505,https://pf.kakao.com/_XIexbj/113800505,테잎 투톤 돌돌이,,,,,0,0,pending,pending,discovered,,2026-08-09T16:21:06.9817479+09:00,,
3,113762329,https://pf.kakao.com/_XIexbj/113762329,린넨 가죽띠 정글모,,,,,0,0,pending,pending,discovered,,2026-08-09T16:21:06.9817479+09:00,,
4,113762321,https://pf.kakao.com/_XIexbj/113762321,린넨리본 라피아햇,,,,,0,0,pending,pending,discovered,,2026-08-09T16:21:06.9817479+09:00,,
5,113673730,https://pf.kakao.com/_XIexbj/113673730,오픈하챙꽃 니트햇,,,,,0,0,pending,pending,discovered,,2026-08-09T16:21:06.9817479+09:00,,
6,113619342,https://pf.kakao.com/_XIexbj/113619342,투톤웨이브 니트햇,,,,,0,0,pending,pending,discovered,,2026-08-09T16:21:06.9817479+09:00,,
7,113619331,https://pf.kakao.com/_XIexbj/113619331,에어폼 니트햇(초경량),,,,,0,0,pending,pending,discovered,,2026-08-09T16:21:06.9817479+09:00,,
8,113619325,https://pf.kakao.com/_XIexbj/113619325,가로절개삼단 캡,,,,,0,0,pending,pending,discovered,,2026-08-09T16:21:06.9817479+09:00,,
9,113538939,https://pf.kakao.com/_XIexbj/113538939,비즈포인트 라피아 썬캡,,,,,0,0,pending,pending,discovered,,2026-08-09T16:21:06.9817479+09:00,,
10,113538927,https://pf.kakao.com/_XIexbj/113538927,밴드 라피아썬캡,,,,,0,0,pending,pending,discovered,,2026-08-09T16:21:06.9817479+09:00,,
11,113538911,https://pf.kakao.com/_XIexbj/113538911,컬러포인트 라피아햇,,,,,0,0,pending,pending,discovered,,2026-08-09T16:21:06.9817479+09:00,,
12,113538901,https://pf.kakao.com/_XIexbj/113538901,체크포인트 페도라햇,,,,,0,0,pending,pending,discovered,,2026-08-09T16:21:06.9817479+09:00,,
13,113400041,https://pf.kakao.com/_XIexbj/113400041,스미틸리 리벳 끈 벙거지,,,,,0,0,pending,pending,discovered,,2026-08-09T16:21:06.9817479+09:00,,
14,113393316,https://pf.kakao.com/_XIexbj/113393316,스트랩 사파리햇,,,,,0,0,pending,pending,discovered,,2026-08-09T16:21:06.9817479+09:00,,
15,113313537,https://pf.kakao.com/_XIexbj/113313537,보카시 니트 벙거지,,,,,0,0,pending,pending,discovered,,2026-08-09T16:21:06.9817479+09:00,,
16,113248918,https://pf.kakao.com/_XIexbj/113248918,체크띠 지사 썬캡,,,,,0,0,pending,pending,discovered,,2026-08-09T16:21:06.9817479+09:00,,
17,113186777,https://pf.kakao.com/_XIexbj/113186777,GOV 레터링햇,,,,,0,0,pending,pending,discovered,,2026-08-09T16:21:06.9817479+09:00,,
18,113186760,https://pf.kakao.com/_XIexbj/113186760,브림 펀칭 니트햇,,,,,0,0,pending,pending,discovered,,2026-08-09T16:21:06.9817479+09:00,,
19,113186746,https://pf.kakao.com/_XIexbj/113186746,와당 패턴햇,,,,,0,0,pending,pending,discovered,,2026-08-09T16:21:06.9817479+09:00,,
20,113121345,https://pf.kakao.com/_XIexbj/113121345,오브제 리본햇,,,,,0,0,pending,pending,discovered,,2026-08-09T16:21:06.9817479+09:00,,
21,113121337,https://pf.kakao.com/_XIexbj/113121337,러블리 레이스챙 햇,,,,,0,0,pending,pending,discovered,,2026-08-09T16:23:34.8706591+09:00,,
22,113121320,https://pf.kakao.com/_XIexbj/113121320,썸머라이트 니트 햇,,,,,0,0,pending,pending,discovered,,2026-08-09T16:23:34.8706591+09:00,,
23,113121299,https://pf.kakao.com/_XIexbj/113121299,에스닉 하챙 리본햇,,,,,0,0,pending,pending,discovered,,2026-08-09T16:23:34.8706591+09:00,,
24,113121290,https://pf.kakao.com/_XIexbj/113121290,버블 체크 페도라,,,,,0,0,pending,pending,discovered,,2026-08-09T16:23:34.8706591+09:00,,
25,113073928,https://pf.kakao.com/_XIexbj/113073928,라인 니트 썬캡,,,,,0,0,pending,pending,discovered,,2026-08-09T16:23:34.8706591+09:00,,
26,113054532,https://pf.kakao.com/_XIexbj/113054532,망사 튤립 비니,,,,,0,0,pending,pending,discovered,,2026-08-09T16:23:34.8706591+09:00,,
27,113050258,https://pf.kakao.com/_XIexbj/113050258,비비드 단추장식 햇,,,,,0,0,pending,pending,discovered,,2026-08-09T16:23:34.8706591+09:00,,
28,113038159,https://pf.kakao.com/_XIexbj/113038159,엣지 레터링리본 햇,,,,,0,0,pending,pending,discovered,,2026-08-09T16:23:34.8706591+09:00,,
29,113038123,https://pf.kakao.com/_XIexbj/113038123,워싱 텐셀 벙거지,,,,,0,0,pending,pending,discovered,,2026-08-09T16:23:34.8706591+09:00,,
30,113038104,https://pf.kakao.com/_XIexbj/113038104,네츄럴 펀칭 니트햇,,,,,0,0,pending,pending,discovered,,2026-08-09T16:23:34.8706591+09:00,,
31,113026203,https://pf.kakao.com/_XIexbj/113026203,체크꺽쇠 뒤리본 벙기지,,,,,0,0,pending,pending,discovered,,2026-08-09T16:23:34.8706591+09:00,,
32,112992338,https://pf.kakao.com/_XIexbj/112992338,격자 등산 벙거지,,,,,0,0,pending,pending,discovered,,2026-08-09T16:23:34.8706591+09:00,,
33,112970249,https://pf.kakao.com/_XIexbj/112970249,꽃하챙 레터링리본 벙거지,,,,,0,0,pending,pending,discovered,,2026-08-09T16:23:34.8706591+09:00,,
34,112969525,https://pf.kakao.com/_XIexbj/112969525,왕리본 베레모,,,,,0,0,pending,pending,discovered,,2026-08-09T16:23:34.8706591+09:00,,
35,112951730,https://pf.kakao.com/_XIexbj/112951730,패턴 면 벙거지,,,,,0,0,pending,pending,discovered,,2026-08-09T16:23:34.8706591+09:00,,
36,112951625,https://pf.kakao.com/_XIexbj/112951625,물나염 버킷벙,,,,,0,0,pending,pending,discovered,,2026-08-09T16:23:34.8706591+09:00,,
37,112938526,https://pf.kakao.com/_XIexbj/112938526,체크 뒤절개 벙거지,,,,,0,0,pending,pending,discovered,,2026-08-09T16:23:34.8706591+09:00,,
38,112937993,https://pf.kakao.com/_XIexbj/112937993,손뜨개 니트 롱비니,,,,,0,0,pending,pending,discovered,,2026-08-09T16:23:34.8706591+09:00,,
39,112937513,https://pf.kakao.com/_XIexbj/112937513,피버트 스포츠 썬캡,,,,,0,0,pending,pending,discovered,,2026-08-09T16:23:34.8706591+09:00,,
40,112927172,https://pf.kakao.com/_XIexbj/112927172,손뜨개 깃털 비니,,,,,0,0,pending,pending,discovered,,2026-08-09T16:23:34.8706591+09:00,,
41,112925898,https://pf.kakao.com/_XIexbj/112925898,백스트랩 벙거지,,,,,0,0,pending,pending,discovered,,2026-08-09T16:25:34.4403929+09:00,,
42,112892135,https://pf.kakao.com/_XIexbj/112892135,크로셰 레이스 베레모,,,,,0,0,pending,pending,discovered,,2026-08-09T16:25:34.4403929+09:00,,
43,112891222,https://pf.kakao.com/_XIexbj/112891222,라피아 엘르 벙거지,,,,,0,0,pending,pending,discovered,,2026-08-09T16:25:34.4403929+09:00,,
44,112890777,https://pf.kakao.com/_XIexbj/112890777,왕리본 캡,,,,,0,0,pending,pending,discovered,,2026-08-09T16:25:34.4403929+09:00,,
45,112890199,https://pf.kakao.com/_XIexbj/112890199,왕리본 벙거지,,,,,0,0,pending,pending,discovered,,2026-08-09T16:25:34.4403929+09:00,,
46,112880733,https://pf.kakao.com/_XIexbj/112880733,타슬란 나비장식 벙거지,,,,,0,0,pending,pending,discovered,,2026-08-09T16:25:34.4403929+09:00,,
47,112871115,https://pf.kakao.com/_XIexbj/112871115,고방체크 사선 벙거지,,,,,0,0,pending,pending,discovered,,2026-08-09T16:25:34.4403929+09:00,,
48,112870992,https://pf.kakao.com/_XIexbj/112870992,어드밴쳐 유니 등산모,,,,,0,0,pending,pending,discovered,,2026-08-09T16:25:34.4403929+09:00,,
49,112870879,https://pf.kakao.com/_XIexbj/112870879,라인 뒤절개 니트,,,,,0,0,pending,pending,discovered,,2026-08-09T16:25:34.4403929+09:00,,
50,112861279,https://pf.kakao.com/_XIexbj/112861279,삼선와끼 등산모,,,,,0,0,pending,pending,discovered,,2026-08-09T16:25:34.4403929+09:00,,
51,112858945,https://pf.kakao.com/_XIexbj/112858945,와끼라벨 벙,,,,,0,0,pending,pending,discovered,,2026-08-09T16:25:34.4403929+09:00,,
52,112856483,https://pf.kakao.com/_XIexbj/112856483,지사라인 인견 벙거지,,,,,0,0,pending,pending,discovered,,2026-08-09T16:25:34.4403929+09:00,,
53,112855274,https://pf.kakao.com/_XIexbj/112855274,퀼팅 면등산 벙거지,,,,,0,0,pending,pending,discovered,,2026-08-09T16:25:34.4403929+09:00,,
54,112854953,https://pf.kakao.com/_XIexbj/112854953,고방체크 벙거지,,,,,0,0,pending,pending,discovered,,2026-08-09T16:25:34.4403929+09:00,,
55,112836995,https://pf.kakao.com/_XIexbj/112836995,라피아 썬캡,,,,,0,0,pending,pending,discovered,,2026-08-09T16:25:34.4403929+09:00,,
56,112836739,https://pf.kakao.com/_XIexbj/112836739,셔링 라인 와이어캡,,,,,0,0,pending,pending,discovered,,2026-08-09T16:25:34.4403929+09:00,,
57,112832053,https://pf.kakao.com/_XIexbj/112832053,에센셜 라피아 벙거지,,,,,0,0,pending,pending,discovered,,2026-08-09T16:25:34.4403929+09:00,,
58,112831693,https://pf.kakao.com/_XIexbj/112831693,페브릭 위빙 벙거지,,,,,0,0,pending,pending,discovered,,2026-08-09T16:25:34.4403929+09:00,,
59,112796161,https://pf.kakao.com/_XIexbj/112796161,마셔링 벙거지,,,,,0,0,pending,pending,discovered,,2026-08-09T16:25:34.4403929+09:00,,
60,112796029,https://pf.kakao.com/_XIexbj/112796029,챙배색 보닛햇,,,,,0,0,pending,pending,discovered,,2026-08-09T16:25:34.4403929+09:00,,
61,112795405,https://pf.kakao.com/_XIexbj/112795405,린넨 튤립 뒤리본 벙거지,,,,,0,0,pending,pending,discovered,,2026-08-09T16:27:34.4771338+09:00,,
62,112795221,https://pf.kakao.com/_XIexbj/112795221,테잎 뒤리본 절개벙거지,,,,,0,0,pending,pending,discovered,,2026-08-09T16:27:34.4771338+09:00,,
63,112779571,https://pf.kakao.com/_XIexbj/112779571,단색 캡 헌팅,,,,,0,0,pending,pending,discovered,,2026-08-09T16:27:34.4771338+09:00,,
64,112779481,https://pf.kakao.com/_XIexbj/112779481,체크 캡 헌팅,,,,,0,0,pending,pending,discovered,,2026-08-09T16:27:34.4771338+09:00,,
65,112779336,https://pf.kakao.com/_XIexbj/112779336,망사 댄디 헌팅캡,,,,,0,0,pending,pending,discovered,,2026-08-09T16:27:34.4771338+09:00,,
66,112772559,https://pf.kakao.com/_XIexbj/112772559,인견 벙거지,,,,,0,0,pending,pending,discovered,,2026-08-09T16:27:34.4771338+09:00,,
67,112754381,https://pf.kakao.com/_XIexbj/112754381,지그재그 벙거지,,,,,0,0,pending,pending,discovered,,2026-08-09T16:27:34.4771338+09:00,,
68,112743437,https://pf.kakao.com/_XIexbj/112743437,양면 프린팅 접이비니,,,,,0,0,pending,pending,discovered,,2026-08-09T16:27:34.4771338+09:00,,
69,112743326,https://pf.kakao.com/_XIexbj/112743326,주름챙 턱끈 벙거지,,,,,0,0,pending,pending,discovered,,2026-08-09T16:27:34.4771338+09:00,,
70,112743181,https://pf.kakao.com/_XIexbj/112743181,뒤 망사 더블라인 볼캡,,,,,0,0,pending,pending,discovered,,2026-08-09T16:27:34.4771338+09:00,,
71,112726431,https://pf.kakao.com/_XIexbj/112726431,손뜨개 레인보우 비니,,,,,0,0,pending,pending,discovered,,2026-08-09T16:27:34.4771338+09:00,,
72,112722793,https://pf.kakao.com/_XIexbj/112722793,오단꽃 니트 비니,,,,,0,0,pending,pending,discovered,,2026-08-09T16:27:34.4771338+09:00,,
73,112709079,https://pf.kakao.com/_XIexbj/112709079,시어서커 엠보 왕리본 벙거지,,,,,0,0,pending,pending,discovered,,2026-08-09T16:27:34.4771338+09:00,,
74,112645033,https://pf.kakao.com/_XIexbj/112645033,심플격자 손뜨개 비니,,,,,0,0,pending,pending,discovered,,2026-08-09T16:27:34.4771338+09:00,,
75,112645014,https://pf.kakao.com/_XIexbj/112645014,사각꽃 손뜨개 비니,,,,,0,0,pending,pending,discovered,,2026-08-09T16:27:34.4771338+09:00,,
76,112645000,https://pf.kakao.com/_XIexbj/112645000,위스트라이프 손뜨개 비니,,,,,0,0,pending,pending,discovered,,2026-08-09T16:27:34.4771338+09:00,,
77,112644987,https://pf.kakao.com/_XIexbj/112644987,체크 썬캡,,,,,0,0,pending,pending,discovered,,2026-08-09T16:27:34.4771338+09:00,,
78,112644980,https://pf.kakao.com/_XIexbj/112644980,리프 썬캡,,,,,0,0,pending,pending,discovered,,2026-08-09T16:27:34.4771338+09:00,,
79,112635812,https://pf.kakao.com/_XIexbj/112635812,심플 스트링 벙거지,,,,,0,0,pending,pending,discovered,,2026-08-09T16:27:34.4771338+09:00,,
80,112612481,https://pf.kakao.com/_XIexbj/112612481,체크패턴 손뜨개 벙거지,,,,,0,0,pending,pending,discovered,,2026-08-09T16:27:34.4771338+09:00,,
81,112611583,https://pf.kakao.com/_XIexbj/112611583,스트라이프 니트 벙거지,,,,,0,0,pending,pending,discovered,,2026-08-09T16:29:41.7953475+09:00,,
82,112603732,https://pf.kakao.com/_XIexbj/112603732,접이지사 벙거지,접이지사 벙거지,6B501,,,,0,0,pending,pending,discovered,,2026-08-09T16:29:41.7953475+09:00,,
